Data,Tou,Hou,Lw
9/9/22 0:00,0,0,0
9/9/22 0:10,0,0,0
9/9/22 0:20,0,0,0
9/9/22 0:30,0,0,0
9/9/22 0:40,0,0,0
9/9/22 0:50,0,0,0
9/9/22 1:00,0,0,0
9/9/22 1:10,0,0,0
9/9/22 1:20,0,0,0
9/9/22 1:30,0,0,0
9/9/22 1:40,0,0,0
9/9/22 1:50,0,0,0
9/9/22 2:00,0,0,0
9/9/22 2:10,0,0,0
9/9/22 2:20,0,0,0
9/9/22 2:30,0,0,0
9/9/22 2:40,0,0,0
9/9/22 2:50,0,0,0
9/9/22 3:00,0,0,0
9/9/22 3:10,0,0,0
9/9/22 3:20,0,0,0
9/9/22 3:30,0,0,0
9/9/22 3:40,0,0,0
9/9/22 3:50,0,0,0
9/9/22 4:00,0,0,0
9/9/22 4:10,0,0,0
9/9/22 4:20,0,0,0
9/9/22 4:30,0,0,0
9/9/22 4:40,0,0,0
9/9/22 4:50,0,0,0
9/9/22 5:00,0,0,0
9/9/22 5:10,0,0,0
9/9/22 5:20,0,0,0
9/9/22 5:30,0,0,0
9/9/22 5:40,0,0,0
9/9/22 5:50,0,0,0
9/9/22 6:00,0,0,0
9/9/22 6:10,0,0,0
9/9/22 6:20,0,0,0
9/9/22 6:30,0,0,0
9/9/22 6:40,0,0,0
9/9/22 6:50,0,0,0
9/9/22 7:00,0,0,0
9/9/22 7:10,0,0,0
9/9/22 7:20,0,0,0
9/9/22 7:30,0,0,0
9/9/22 7:40,0,0,0
9/9/22 7:50,0,0,0
9/9/22 8:00,28.97,78.04,7.92
9/9/22 8:10,29.17,77.41,7.91
9/9/22 8:20,29.24,77.19,7.95
9/9/22 8:30,29.23,76.09,7.96
9/9/22 8:40,29.21,76.33,7.99
9/9/22 8:50,29.88,74.38,7.74
9/9/22 9:00,29.68,74.82,7.95
9/9/22 9:10,29.8,73.79,7.85
9/9/22 9:20,29.83,73.61,7.96
9/9/22 9:30,29.73,73.38,6.86
9/9/22 9:40,30.12,72.07,7.97
9/9/22 9:50,30.29,71.06,7.94
9/9/22 10:00,30.83,69.7,8.01
9/9/22 10:10,31.08,69.09,7.83
9/9/22 10:20,31.52,68.59,7.04
9/9/22 10:30,31.64,66.58,7.73
9/9/22 10:40,31.38,66.65,7.79
9/9/22 10:50,31.53,65.14,7.73
9/9/22 11:00,32.24,63.51,7.61
9/9/22 11:10,32.59,61.72,7.6
9/9/22 11:20,32.68,59.84,7.63
9/9/22 11:30,32.63,59.15,7.56
9/9/22 11:40,33.12,58.28,7.58
9/9/22 11:50,33.57,57.13,7.55
9/9/22 12:00,33.96,55.64,6.55
9/9/22 12:10,33.65,53.74,7.42
9/9/22 12:20,33.68,53.43,7.38
9/9/22 12:30,34.27,53.41,7.38
9/9/22 12:40,34.53,54.47,7.28
9/9/22 12:50,34.27,53.84,7.32
9/9/22 13:00,34.38,54.08,7.34
9/9/22 13:10,33.96,54.68,7.43
9/9/22 13:20,34.49,52.66,7.27
9/9/22 13:30,34.26,50.42,7.28
9/9/22 13:40,34.36,50.2,7.23
9/9/22 13:50,34.2,51.07,6.51
9/9/22 14:00,33.82,52.8,7.16
9/9/22 14:10,33.82,53.53,7.37
9/9/22 14:20,33.67,53.02,7.22
9/9/22 14:30,33.38,53.64,7.27
9/9/22 14:40,33.36,54.39,7.44
9/9/22 14:50,33.13,55.24,6.32
9/9/22 15:00,32.83,57.29,7.4
9/9/22 15:10,32.83,56.98,7.41
9/9/22 15:20,33.12,56.06,7.69
9/9/22 15:30,33.16,55.08,6.5
9/9/22 15:40,33.39,54.45,7.42
9/9/22 15:50,33.29,54.6,7.47
9/9/22 16:00,33,55.03,7.42
9/9/22 16:10,32.93,54.8,7.28
9/9/22 16:20,32.75,55.99,7.25
9/9/22 16:30,32.55,56.5,7.2
9/9/22 16:40,32.41,56.54,7.28
9/9/22 16:50,32.45,56.17,7.29
9/9/22 17:00,32.44,56.61,7.28
9/9/22 17:10,31.48,59.8,6.45
9/9/22 17:20,30.72,60.81,6.72
9/9/22 17:30,30.16,65.17,7.08
9/9/22 17:40,29.91,67.94,7.12
9/9/22 17:50,30.24,62.55,7.02
9/9/22 18:00,29.95,64.72,6.18
9/9/22 18:10,29.05,70.44,6.36
9/9/22 18:20,28.69,70.41,6.27
9/9/22 18:30,28.52,71.37,5.43
9/9/22 18:40,28.12,71.79,6
9/9/22 18:50,28.39,71.67,6.27
9/9/22 19:00,28.61,71.76,6.49
9/9/22 19:10,28.57,72.71,6.73
9/9/22 19:20,28.83,72.63,5.64
9/9/22 19:30,28.89,72.51,7.28
9/9/22 19:40,28.72,73.66,7.38
9/9/22 19:50,28.84,73.73,7.37
9/9/22 20:00,0,0,0
9/9/22 20:10,0,0,0
9/9/22 20:20,0,0,0
9/9/22 20:30,0,0,0
9/9/22 20:40,0,0,0
9/9/22 20:50,0,0,0
9/9/22 21:00,0,0,0
9/9/22 21:10,0,0,0
9/9/22 21:20,0,0,0
9/9/22 21:30,0,0,0
9/9/22 21:40,0,0,0
9/9/22 21:50,0,0,0
9/9/22 22:00,0,0,0
9/9/22 22:10,0,0,0
9/9/22 22:20,0,0,0
9/9/22 22:30,0,0,0
9/9/22 22:40,0,0,0
9/9/22 22:50,0,0,0
9/9/22 23:00,0,0,0
9/9/22 23:10,0,0,0
9/9/22 23:20,0,0,0
9/9/22 23:30,0,0,0
9/9/22 23:40,0,0,0
9/9/22 23:50,0,0,0
9/10/22 0:00,0,0,0
9/10/22 0:10,0,0,0
9/10/22 0:20,0,0,0
9/10/22 0:30,0,0,0
9/10/22 0:40,0,0,0
9/10/22 0:50,0,0,0
9/10/22 1:00,0,0,0
9/10/22 1:10,0,0,0
9/10/22 1:20,0,0,0
9/10/22 1:30,0,0,0
9/10/22 1:40,0,0,0
9/10/22 1:50,0,0,0
9/10/22 2:00,0,0,0
9/10/22 2:10,0,0,0
9/10/22 2:20,0,0,0
9/10/22 2:30,0,0,0
9/10/22 2:40,0,0,0
9/10/22 2:50,0,0,0
9/10/22 3:00,0,0,0
9/10/22 3:10,0,0,0
9/10/22 3:20,0,0,0
9/10/22 3:30,0,0,0
9/10/22 3:40,0,0,0
9/10/22 3:50,0,0,0
9/10/22 4:00,0,0,0
9/10/22 4:10,0,0,0
9/10/22 4:20,0,0,0
9/10/22 4:30,0,0,0
9/10/22 4:40,0,0,0
9/10/22 4:50,0,0,0
9/10/22 5:00,0,0,0
9/10/22 5:10,0,0,0
9/10/22 5:20,0,0,0
9/10/22 5:30,0,0,0
9/10/22 5:40,0,0,0
9/10/22 5:50,0,0,0
9/10/22 6:00,0,0,0
9/10/22 6:10,0,0,0
9/10/22 6:20,0,0,0
9/10/22 6:30,0,0,0
9/10/22 6:40,0,0,0
9/10/22 6:50,0,0,0
9/10/22 7:00,0,0,0
9/10/22 7:10,0,0,0
9/10/22 7:20,0,0,0
9/10/22 7:30,0,0,0
9/10/22 7:40,0,0,0
9/10/22 7:50,0,0,0
9/10/22 8:00,29.3,70.4,7.85
9/10/22 8:10,29.5,69.71,7.66
9/10/22 8:20,29.73,69.48,7.71
9/10/22 8:30,29.74,69.35,7.75
9/10/22 8:40,29.95,69.41,7.76
9/10/22 8:50,30.2,68.67,7.75
9/10/22 9:00,30.59,68.33,7.8
9/10/22 9:10,30.66,68.65,7.95
9/10/22 9:20,30.66,68.66,7.94
9/10/22 9:30,30.9,68.23,7.88
9/10/22 9:40,31.46,66.66,7.91
9/10/22 9:50,31.77,65.81,6.63
9/10/22 10:00,31.75,64.96,7.75
9/10/22 10:10,32.05,64.7,7.8
9/10/22 10:20,32.01,64.88,7.58
9/10/22 10:30,32.21,63.93,7.53
9/10/22 10:40,32.29,63.98,7.78
9/10/22 10:50,32.57,62.71,8.02
9/10/22 11:00,32.22,62.52,7.31
9/10/22 11:10,32.59,60.36,7.67
9/10/22 11:20,33.09,59.67,7.88
9/10/22 11:30,32.68,60.42,8.31
9/10/22 11:40,33.01,59.6,7.32
9/10/22 11:50,33.26,58.94,7.6
9/10/22 12:00,33.25,58.65,7.71
9/10/22 12:10,33.81,56.91,8.07
9/10/22 12:20,33.62,56.91,7.24
9/10/22 12:30,34.39,54.42,7.41
9/10/22 12:40,34.32,53.86,7.5
9/10/22 12:50,34.7,51.71,7.58
9/10/22 13:00,34.64,51.77,7.76
9/10/22 13:10,34,53.4,6.43
9/10/22 13:20,34.6,52.03,7.36
9/10/22 13:30,35.03,50.45,7.56
9/10/22 13:40,35.53,49.63,7.21
9/10/22 13:50,35.52,50.04,6.83
9/10/22 14:00,36.21,49,7.3
9/10/22 14:10,35.85,49.79,7.87
9/10/22 14:20,35.56,52.01,6.88
9/10/22 14:30,35.77,51.56,7.63
9/10/22 14:40,36.13,50.81,7.77
9/10/22 14:50,35.02,52.49,8.06
9/10/22 15:00,34.89,52.3,6.65
9/10/22 15:10,34.8,52.22,7.52
9/10/22 15:20,35.64,50.32,7.55
9/10/22 15:30,35.51,51.95,7.76
9/10/22 15:40,35.19,53.06,6.79
9/10/22 15:50,35.1,52.74,7.42
9/10/22 16:00,34.21,54.43,7.45
9/10/22 16:10,33.82,56.36,7.95
9/10/22 16:20,33.52,57.23,6.84
9/10/22 16:30,33.15,58.19,7.63
9/10/22 16:40,32.95,59.7,7.76
9/10/22 16:50,32.27,63.25,7.76
9/10/22 17:00,32.11,62.96,7.99
9/10/22 17:10,32.15,62.91,6.65
9/10/22 17:20,32.23,62.6,7.68
9/10/22 17:30,31.99,63.27,7.76
9/10/22 17:40,31.85,63.15,7.62
9/10/22 17:50,31.82,63.46,7.81
9/10/22 18:00,31.67,64.17,6.79
9/10/22 18:10,31.66,64.88,7.59
9/10/22 18:20,31.68,65.12,7.71
9/10/22 18:30,31.58,66.55,7.81
9/10/22 18:40,31.27,68.39,7.84
9/10/22 18:50,31.23,68.9,8.09
9/10/22 19:00,31.06,69.24,6.8
9/10/22 19:10,30.92,69.29,7.82
9/10/22 19:20,30.8,69.3,7.76
9/10/22 19:30,30.73,69.49,7.89
9/10/22 19:40,30.7,69.28,7.76
9/10/22 19:50,30.65,69.08,7.87
9/10/22 20:00,0,0,0
9/10/22 20:10,0,0,0
9/10/22 20:20,0,0,0
9/10/22 20:30,0,0,0
9/10/22 20:40,0,0,0
9/10/22 20:50,0,0,0
9/10/22 21:00,0,0,0
9/10/22 21:10,0,0,0
9/10/22 21:20,0,0,0
9/10/22 21:30,0,0,0
9/10/22 21:40,0,0,0
9/10/22 21:50,0,0,0
9/10/22 22:00,0,0,0
9/10/22 22:10,0,0,0
9/10/22 22:20,0,0,0
9/10/22 22:30,0,0,0
9/10/22 22:40,0,0,0
9/10/22 22:50,0,0,0
9/10/22 23:00,0,0,0
9/10/22 23:10,0,0,0
9/10/22 23:20,0,0,0
9/10/22 23:30,0,0,0
9/10/22 23:40,0,0,0
9/10/22 23:50,0,0,0
9/11/22 0:00,0,0,0
9/11/22 0:10,0,0,0
9/11/22 0:20,0,0,0
9/11/22 0:30,0,0,0
9/11/22 0:40,0,0,0
9/11/22 0:50,0,0,0
9/11/22 1:00,0,0,0
9/11/22 1:10,0,0,0
9/11/22 1:20,0,0,0
9/11/22 1:30,0,0,0
9/11/22 1:40,0,0,0
9/11/22 1:50,0,0,0
9/11/22 2:00,0,0,0
9/11/22 2:10,0,0,0
9/11/22 2:20,0,0,0
9/11/22 2:30,0,0,0
9/11/22 2:40,0,0,0
9/11/22 2:50,0,0,0
9/11/22 3:00,0,0,0
9/11/22 3:10,0,0,0
9/11/22 3:20,0,0,0
9/11/22 3:30,0,0,0
9/11/22 3:40,0,0,0
9/11/22 3:50,0,0,0
9/11/22 4:00,0,0,0
9/11/22 4:10,0,0,0
9/11/22 4:20,0,0,0
9/11/22 4:30,0,0,0
9/11/22 4:40,0,0,0
9/11/22 4:50,0,0,0
9/11/22 5:00,0,0,0
9/11/22 5:10,0,0,0
9/11/22 5:20,0,0,0
9/11/22 5:30,0,0,0
9/11/22 5:40,0,0,0
9/11/22 5:50,0,0,0
9/11/22 6:00,0,0,0
9/11/22 6:10,0,0,0
9/11/22 6:20,0,0,0
9/11/22 6:30,0,0,0
9/11/22 6:40,0,0,0
9/11/22 6:50,0,0,0
9/11/22 7:00,0,0,0
9/11/22 7:10,0,0,0
9/11/22 7:20,0,0,0
9/11/22 7:30,0,0,0
9/11/22 7:40,0,0,0
9/11/22 7:50,0,0,0
9/11/22 8:00,29.17,77.56,7.76
9/11/22 8:10,29.3,77.35,7.87
9/11/22 8:20,29.4,76.89,7.99
9/11/22 8:30,29.48,76.77,7.17
9/11/22 8:40,29.72,75.41,7.88
9/11/22 8:50,30.2,74.33,7.94
9/11/22 9:00,30.18,74.34,8.27
9/11/22 9:10,30.18,74.32,7.25
9/11/22 9:20,30.42,73.52,7.98
9/11/22 9:30,30.7,72.63,8.45
9/11/22 9:40,30.8,71.93,7.68
9/11/22 9:50,30.78,71.4,8.01
9/11/22 10:00,31.23,71.19,8.13
9/11/22 10:10,31.79,69.44,8.31
9/11/22 10:20,32.09,68.72,8.28
9/11/22 10:30,32.09,67.99,7.45
9/11/22 10:40,32.52,65.87,8.33
9/11/22 10:50,32.81,65.02,8.66
9/11/22 11:00,32.88,63.87,7.96
9/11/22 11:10,33.19,62.81,7.69
9/11/22 11:20,33.66,62.32,7.85
9/11/22 11:30,33.62,58.72,8.34
9/11/22 11:40,33.94,57.05,6.71
9/11/22 11:50,34.09,57.32,7.68
9/11/22 12:00,34.87,54.38,7.3
9/11/22 12:10,34.37,52.55,6.98
9/11/22 12:20,34.04,51.54,6.98
9/11/22 12:30,33.79,51.78,6.93
9/11/22 12:40,34.03,51.48,6.95
9/11/22 12:50,34.14,51.92,7.08
9/11/22 13:00,34.19,51.28,5.85
9/11/22 13:10,35.19,51.85,6.93
9/11/22 13:20,35.84,49.11,6.96
9/11/22 13:30,36.19,48.34,7.43
9/11/22 13:40,35.89,48.34,6.28
9/11/22 13:50,36.04,47.39,6.71
9/11/22 14:00,36.48,45.81,6.72
9/11/22 14:10,36.5,47.93,7.38
9/11/22 14:20,36.43,48.75,6.34
9/11/22 14:30,36.11,48.77,6.89
9/11/22 14:40,36.78,46.37,6.94
9/11/22 14:50,37.37,44.38,7.14
9/11/22 15:00,37.71,43.41,6.1
9/11/22 15:10,37.42,43.92,6.71
9/11/22 15:20,37.37,43.93,6.88
9/11/22 15:30,37.01,45.02,7
9/11/22 15:40,37.43,43.82,5.91
9/11/22 15:50,36.88,43.43,6.58
9/11/22 16:00,36.72,43.53,6.69
9/11/22 16:10,36.5,43.77,6.93
9/11/22 16:20,35.73,45,5.83
9/11/22 16:30,35.54,44.47,6.41
9/11/22 16:40,35.54,43.45,6.46
9/11/22 16:50,35.55,44.39,6.46
9/11/22 17:00,35.04,43.99,6.37
9/11/22 17:10,34.49,44.26,6.58
9/11/22 17:20,34.31,46.7,6.71
9/11/22 17:30,34.12,47.3,6.52
9/11/22 17:40,35.02,43.1,6.38
9/11/22 17:50,35.59,41.05,6.44
9/11/22 18:00,34.51,44.59,6.74
9/11/22 18:10,33.88,46.96,6.61
9/11/22 18:20,33.68,47.26,6.64
9/11/22 18:30,33.24,48.34,6.59
9/11/22 18:40,33.23,48,6.56
9/11/22 18:50,33.02,49.29,6.69
9/11/22 19:00,33.04,49.23,6.63
9/11/22 19:10,32.95,49.54,6.75
9/11/22 19:20,32.75,51.74,6.83
9/11/22 19:30,32.67,52.85,6.83
9/11/22 19:40,32.63,53.41,6.92
9/11/22 19:50,32.52,54.29,6.94
9/11/22 20:00,0,0,0
9/11/22 20:10,0,0,0
9/11/22 20:20,0,0,0
9/11/22 20:30,0,0,0
9/11/22 20:40,0,0,0
9/11/22 20:50,0,0,0
9/11/22 21:00,0,0,0
9/11/22 21:10,0,0,0
9/11/22 21:20,0,0,0
9/11/22 21:30,0,0,0
9/11/22 21:40,0,0,0
9/11/22 21:50,0,0,0
9/11/22 22:00,0,0,0
9/11/22 22:10,0,0,0
9/11/22 22:20,0,0,0
9/11/22 22:30,0,0,0
9/11/22 22:40,0,0,0
9/11/22 22:50,0,0,0
9/11/22 23:00,0,0,0
9/11/22 23:10,0,0,0
9/11/22 23:20,0,0,0
9/11/22 23:30,0,0,0
9/11/22 23:40,0,0,0
9/11/22 23:50,0,0,0
9/12/22 0:00,0,0,0
9/12/22 0:10,0,0,0
9/12/22 0:20,0,0,0
9/12/22 0:30,0,0,0
9/12/22 0:40,0,0,0
9/12/22 0:50,0,0,0
9/12/22 1:00,0,0,0
9/12/22 1:10,0,0,0
9/12/22 1:20,0,0,0
9/12/22 1:30,0,0,0
9/12/22 1:40,0,0,0
9/12/22 1:50,0,0,0
9/12/22 2:00,0,0,0
9/12/22 2:10,0,0,0
9/12/22 2:20,0,0,0
9/12/22 2:30,0,0,0
9/12/22 2:40,0,0,0
9/12/22 2:50,0,0,0
9/12/22 3:00,0,0,0
9/12/22 3:10,0,0,0
9/12/22 3:20,0,0,0
9/12/22 3:30,0,0,0
9/12/22 3:40,0,0,0
9/12/22 3:50,0,0,0
9/12/22 4:00,0,0,0
9/12/22 4:10,0,0,0
9/12/22 4:20,0,0,0
9/12/22 4:30,0,0,0
9/12/22 4:40,0,0,0
9/12/22 4:50,0,0,0
9/12/22 5:00,0,0,0
9/12/22 5:10,0,0,0
9/12/22 5:20,0,0,0
9/12/22 5:30,0,0,0
9/12/22 5:40,0,0,0
9/12/22 5:50,0,0,0
9/12/22 6:00,0,0,0
9/12/22 6:10,0,0,0
9/12/22 6:20,0,0,0
9/12/22 6:30,0,0,0
9/12/22 6:40,0,0,0
9/12/22 6:50,0,0,0
9/12/22 7:00,0,0,0
9/12/22 7:10,0,0,0
9/12/22 7:20,0,0,0
9/12/22 7:30,0,0,0
9/12/22 7:40,0,0,0
9/12/22 7:50,0,0,0
9/12/22 8:00,30.69,56.25,6.07
9/12/22 8:10,30.64,55.23,6.38
9/12/22 8:20,30.73,54.69,6.37
9/12/22 8:30,30.94,52.47,5.73
9/12/22 8:40,31.18,52.41,6.26
9/12/22 8:50,31.23,52.76,6.22
9/12/22 9:00,31.28,50.86,6.14
9/12/22 9:10,31.54,50.98,5.6
9/12/22 9:20,31.62,50.23,5.5
9/12/22 9:30,31.88,50.34,5.59
9/12/22 9:40,32.07,49.85,5.57
9/12/22 9:50,32.18,49.42,4.77
9/12/22 10:00,32.24,49.03,5.49
9/12/22 10:10,32.54,48.74,5.62
9/12/22 10:20,32.93,48.37,5.57
9/12/22 10:30,32.93,48.17,5.7
9/12/22 10:40,33.1,48.59,4.53
9/12/22 10:50,33.46,47.75,6.23
9/12/22 11:00,33.53,47.55,6.28
9/12/22 11:10,33.58,47.87,6.23
9/12/22 11:20,33.72,46.92,6.01
9/12/22 11:30,34.02,46.71,6.16
9/12/22 11:40,34.27,47.37,6.32
9/12/22 11:50,34.4,45.24,6.18
9/12/22 12:00,34.8,43.39,6.27
9/12/22 12:10,34.96,43.39,5.31
9/12/22 12:20,35.13,43.53,5.72
9/12/22 12:30,35.39,42.04,6.2
9/12/22 12:40,35.52,41.84,6.12
9/12/22 12:50,35.67,41.53,6.16
9/12/22 13:00,35.48,41.77,6.22
9/12/22 13:10,36.16,38.96,6.08
9/12/22 13:20,36.09,39.71,5.22
9/12/22 13:30,36.34,37.11,5.27
9/12/22 13:40,36.56,36.53,5.72
9/12/22 13:50,36.8,36.36,5.88
9/12/22 14:00,36.94,36.84,5.82
9/12/22 14:10,37.3,37.46,6.07
9/12/22 14:20,37.12,38.88,6.17
9/12/22 14:30,37.51,35.77,5.35
9/12/22 14:40,37.84,34.83,5.78
9/12/22 14:50,37.67,34.44,5.55
9/12/22 15:00,38.13,32.33,5.66
9/12/22 15:10,38.27,34.45,5.92
9/12/22 15:20,37.8,35.55,5.73
9/12/22 15:30,38.17,33.63,5.26
9/12/22 15:40,38.27,33.32,5.62
9/12/22 15:50,38.35,33.22,5.67
9/12/22 16:00,38.02,34.16,5.6
9/12/22 16:10,39.35,31.2,5.15
9/12/22 16:20,41.96,27.8,5.3
9/12/22 16:30,42.28,26.2,5.48
9/12/22 16:40,42.2,26.2,5.56
9/12/22 16:50,41.96,27.13,5.42
9/12/22 17:00,41.18,27.6,4.71
9/12/22 17:10,40.78,28.06,4.75
9/12/22 17:20,40.14,28.28,4.57
9/12/22 17:30,39.45,29.75,5.69
9/12/22 17:40,38.79,30.77,5.54
9/12/22 17:50,38.2,31.23,5.26
9/12/22 18:00,36.4,35.8,5.68
9/12/22 18:10,35.4,37.54,5.83
9/12/22 18:20,34.83,39.18,5.91
9/12/22 18:30,34.32,40.99,5.51
9/12/22 18:40,34.2,39.96,5.62
9/12/22 18:50,33.98,40.33,5.77
9/12/22 19:00,33.85,40.45,5.26
9/12/22 19:10,33.83,40.09,5.48
9/12/22 19:20,33.83,39.92,5
9/12/22 19:30,33.77,40.64,4.92
9/12/22 19:40,33.82,40.02,5.07
9/12/22 19:50,33.79,39.68,3.93
9/12/22 20:00,0,0,0
9/12/22 20:10,0,0,0
9/12/22 20:20,0,0,0
9/12/22 20:30,0,0,0
9/12/22 20:40,0,0,0
9/12/22 20:50,0,0,0
9/12/22 21:00,0,0,0
9/12/22 21:10,0,0,0
9/12/22 21:20,0,0,0
9/12/22 21:30,0,0,0
9/12/22 21:40,0,0,0
9/12/22 21:50,0,0,0
9/12/22 22:00,0,0,0
9/12/22 22:10,0,0,0
9/12/22 22:20,0,0,0
9/12/22 22:30,0,0,0
9/12/22 22:40,0,0,0
9/12/22 22:50,0,0,0
9/12/22 23:00,0,0,0
9/12/22 23:10,0,0,0
9/12/22 23:20,0,0,0
9/12/22 23:30,0,0,0
9/12/22 23:40,0,0,0
9/12/22 23:50,0,0,0
9/13/22 0:00,0,0,0
9/13/22 0:10,0,0,0
9/13/22 0:20,0,0,0
9/13/22 0:30,0,0,0
9/13/22 0:40,0,0,0
9/13/22 0:50,0,0,0
9/13/22 1:00,0,0,0
9/13/22 1:10,0,0,0
9/13/22 1:20,0,0,0
9/13/22 1:30,0,0,0
9/13/22 1:40,0,0,0
9/13/22 1:50,0,0,0
9/13/22 2:00,0,0,0
9/13/22 2:10,0,0,0
9/13/22 2:20,0,0,0
9/13/22 2:30,0,0,0
9/13/22 2:40,0,0,0
9/13/22 2:50,0,0,0
9/13/22 3:00,0,0,0
9/13/22 3:10,0,0,0
9/13/22 3:20,0,0,0
9/13/22 3:30,0,0,0
9/13/22 3:40,0,0,0
9/13/22 3:50,0,0,0
9/13/22 4:00,0,0,0
9/13/22 4:10,0,0,0
9/13/22 4:20,0,0,0
9/13/22 4:30,0,0,0
9/13/22 4:40,0,0,0
9/13/22 4:50,0,0,0
9/13/22 5:00,0,0,0
9/13/22 5:10,0,0,0
9/13/22 5:20,0,0,0
9/13/22 5:30,0,0,0
9/13/22 5:40,0,0,0
9/13/22 5:50,0,0,0
9/13/22 6:00,0,0,0
9/13/22 6:10,0,0,0
9/13/22 6:20,0,0,0
9/13/22 6:30,0,0,0
9/13/22 6:40,0,0,0
9/13/22 6:50,0,0,0
9/13/22 7:00,0,0,0
9/13/22 7:10,0,0,0
9/13/22 7:20,0,0,0
9/13/22 7:30,0,0,0
9/13/22 7:40,0,0,0
9/13/22 7:50,0,0,0
9/13/22 8:00,30.88,48.97,4.88
9/13/22 8:10,30.95,48.4,5.01
9/13/22 8:20,31.19,47.93,5.11
9/13/22 8:30,31.45,46.85,5.22
9/13/22 8:40,31.57,46.42,5.16
9/13/22 8:50,31.64,46.03,5.22
9/13/22 9:00,31.8,45.47,5.18
9/13/22 9:10,32.08,45.13,5.28
9/13/22 9:20,31.82,45.06,5.19
9/13/22 9:30,32.1,43.59,5.17
9/13/22 9:40,32.15,43.19,5.08
9/13/22 9:50,32.2,43.03,5.09
9/13/22 10:00,32.43,42.79,5.08
9/13/22 10:10,32.73,42.03,5.15
9/13/22 10:20,32.9,42.22,5.11
9/13/22 10:30,32.78,41.46,5.04
9/13/22 10:40,33.12,41.67,5.09
9/13/22 10:50,33.07,41.88,5.17
9/13/22 11:00,33.16,42.65,5.17
9/13/22 11:10,33.19,42.62,5.23
9/13/22 11:20,33.26,43.08,4.23
9/13/22 11:30,33.66,41.67,4.16
9/13/22 11:40,34.28,41.11,4.89
9/13/22 11:50,34.46,40.33,5.2
9/13/22 12:00,34.55,41.33,5.18
9/13/22 12:10,34.69,40.74,5.25
9/13/22 12:20,34.91,40.42,5.2
9/13/22 12:30,34.83,38.94,3.98
9/13/22 12:40,35.07,38.07,4.73
9/13/22 12:50,35.07,37.84,4.76
9/13/22 13:00,35.14,37.52,4.95
9/13/22 13:10,35.38,37.2,5.08
9/13/22 13:20,35.73,36.4,4.01
9/13/22 13:30,35.81,36.82,4.86
9/13/22 13:40,36.14,36.18,5
9/13/22 13:50,36.37,35.28,4.25
9/13/22 14:00,36.58,35.33,4.82
9/13/22 14:10,36.8,35.31,4.89
9/13/22 14:20,36.93,32.77,4.42
9/13/22 14:30,36.77,32.05,4.39
9/13/22 14:40,37.28,33.68,4.75
9/13/22 14:50,37.3,33.36,5.06
9/13/22 15:00,37.38,33.61,4.43
9/13/22 15:10,37.19,33.85,5.57
9/13/22 15:20,37.18,34.37,5.6
9/13/22 15:30,37.23,34.11,5.16
9/13/22 15:40,37.29,34.44,5.63
9/13/22 15:50,37.2,35.38,5.71
9/13/22 16:00,37.23,35.11,5.78
9/13/22 16:10,40.17,30.86,5.37
9/13/22 16:20,40.12,31.85,5.95
9/13/22 16:30,39.88,31.7,5.96
9/13/22 16:40,40,31.94,5.92
9/13/22 16:50,39.4,32.67,6.12
9/13/22 17:00,39.39,32.85,6.28
9/13/22 17:10,38.56,33.73,6.2
9/13/22 17:20,38.19,34.03,5.64
9/13/22 17:30,37.61,34.35,5.87
9/13/22 17:40,36.74,35.46,5.78
9/13/22 17:50,35.94,36.61,5.83
9/13/22 18:00,35.12,38.57,5.53
9/13/22 18:10,34.8,39.89,5.99
9/13/22 18:20,34.48,40.67,5.99
9/13/22 18:30,34.12,41.65,5.98
9/13/22 18:40,34.05,41.85,5.15
9/13/22 18:50,33.98,42.65,5.42
9/13/22 19:00,33.66,44.05,4.92
9/13/22 19:10,33.66,43.78,5.75
9/13/22 19:20,33.64,43.99,6.13
9/13/22 19:30,33.6,44.07,6.13
9/13/22 19:40,33.36,44.91,6.06
9/13/22 19:50,33.47,45.29,5.54
9/13/22 20:00,0,0,0
9/13/22 20:10,0,0,0
9/13/22 20:20,0,0,0
9/13/22 20:30,0,0,0
9/13/22 20:40,0,0,0
9/13/22 20:50,0,0,0
9/13/22 21:00,0,0,0
9/13/22 21:10,0,0,0
9/13/22 21:20,0,0,0
9/13/22 21:30,0,0,0
9/13/22 21:40,0,0,0
9/13/22 21:50,0,0,0
9/13/22 22:00,0,0,0
9/13/22 22:10,0,0,0
9/13/22 22:20,0,0,0
9/13/22 22:30,0,0,0
9/13/22 22:40,0,0,0
9/13/22 22:50,0,0,0
9/13/22 23:00,0,0,0
9/13/22 23:10,0,0,0
9/13/22 23:20,0,0,0
9/13/22 23:30,0,0,0
9/13/22 23:40,0,0,0
9/13/22 23:50,0,0,0
9/14/22 0:00,0,0,0
9/14/22 0:10,0,0,0
9/14/22 0:20,0,0,0
9/14/22 0:30,0,0,0
9/14/22 0:40,0,0,0
9/14/22 0:50,0,0,0
9/14/22 1:00,0,0,0
9/14/22 1:10,0,0,0
9/14/22 1:20,0,0,0
9/14/22 1:30,0,0,0
9/14/22 1:40,0,0,0
9/14/22 1:50,0,0,0
9/14/22 2:00,0,0,0
9/14/22 2:10,0,0,0
9/14/22 2:20,0,0,0
9/14/22 2:30,0,0,0
9/14/22 2:40,0,0,0
9/14/22 2:50,0,0,0
9/14/22 3:00,0,0,0
9/14/22 3:10,0,0,0
9/14/22 3:20,0,0,0
9/14/22 3:30,0,0,0
9/14/22 3:40,0,0,0
9/14/22 3:50,0,0,0
9/14/22 4:00,0,0,0
9/14/22 4:10,0,0,0
9/14/22 4:20,0,0,0
9/14/22 4:30,0,0,0
9/14/22 4:40,0,0,0
9/14/22 4:50,0,0,0
9/14/22 5:00,0,0,0
9/14/22 5:10,0,0,0
9/14/22 5:20,0,0,0
9/14/22 5:30,0,0,0
9/14/22 5:40,0,0,0
9/14/22 5:50,0,0,0
9/14/22 6:00,0,0,0
9/14/22 6:10,0,0,0
9/14/22 6:20,0,0,0
9/14/22 6:30,0,0,0
9/14/22 6:40,0,0,0
9/14/22 6:50,0,0,0
9/14/22 7:00,0,0,0
9/14/22 7:10,0,0,0
9/14/22 7:20,0,0,0
9/14/22 7:30,0,0,0
9/14/22 7:40,0,0,0
9/14/22 7:50,0,0,0
9/14/22 8:00,30.67,53.62,5.45
9/14/22 8:10,30.73,51.78,5.33
9/14/22 8:20,30.89,49.99,5.34
9/14/22 8:30,30.97,49.83,4.36
9/14/22 8:40,31.24,49.5,5.03
9/14/22 8:50,31.32,48.08,4.86
9/14/22 9:00,31.44,47.89,5.19
9/14/22 9:10,31.58,47.27,5.26
9/14/22 9:20,31.83,47.1,5.44
9/14/22 9:30,32.19,46.49,5.4
9/14/22 9:40,32.28,47.21,5.43
9/14/22 9:50,32.53,45.46,5.31
9/14/22 10:00,32.64,45.07,5.28
9/14/22 10:10,32.88,44.63,3.87
9/14/22 10:20,33.23,43.77,4.87
9/14/22 10:30,33.25,43.85,5.1
9/14/22 10:40,33.52,41.71,5.12
9/14/22 10:50,33.55,42.68,5.13
9/14/22 11:00,33.67,42.29,4.7
9/14/22 11:10,34.12,41.35,4.41
9/14/22 11:20,34.48,39.88,4.94
9/14/22 11:30,34.5,41.2,5.11
9/14/22 11:40,34.77,40.37,5.35
9/14/22 11:50,34.67,41.02,4.25
9/14/22 12:00,34.84,40.57,5.19
9/14/22 12:10,34.73,40.93,5.3
9/14/22 12:20,34.89,39.73,5.03
9/14/22 12:30,35.04,38.48,5.12
9/14/22 12:40,35.29,38.27,4.04
9/14/22 12:50,35.36,39.77,5.7
9/14/22 13:00,35.64,39.3,4.86
9/14/22 13:10,35.56,38.55,4.97
9/14/22 13:20,35.89,37.66,3.95
9/14/22 13:30,36.25,36.77,4.89
9/14/22 13:40,36.2,38.45,5.02
9/14/22 13:50,37.02,34.75,4.55
9/14/22 14:00,37.35,33.19,4.3
9/14/22 14:10,37.03,33.79,4.77
9/14/22 14:20,36.86,33.68,4.84
9/14/22 14:30,37.28,32.09,4.27
9/14/22 14:40,37.04,32.82,4.8
9/14/22 14:50,37.41,31.34,4.66
9/14/22 15:00,37.28,32.27,4.72
9/14/22 15:10,37.35,31.63,4.44
9/14/22 15:20,37.43,32.91,4.34
9/14/22 15:30,37.49,32.59,4.74
9/14/22 15:40,37.28,32.32,4.34
9/14/22 15:50,37.46,31.91,4.61
9/14/22 16:00,38.01,31.72,4.7
9/14/22 16:10,39.65,29.9,4.54
9/14/22 16:20,39.58,29.33,4.46
9/14/22 16:30,39.52,28.37,4.83
9/14/22 16:40,37.79,31.24,4.17
9/14/22 16:50,38.17,30.78,4.75
9/14/22 17:00,37.62,32.11,4.55
9/14/22 17:10,37.13,33.45,4.91
9/14/22 17:20,36.66,33.91,5.02
9/14/22 17:30,36.01,34.85,4.97
9/14/22 17:40,36.1,34.23,5.05
9/14/22 17:50,36.07,33.95,4.03
9/14/22 18:00,35.17,35.49,4.71
9/14/22 18:10,34.68,36.51,4.82
9/14/22 18:20,34.69,36.71,4.9
9/14/22 18:30,34.44,37.26,4.15
9/14/22 18:40,34.06,38.28,4.75
9/14/22 18:50,34.1,38.33,4.9
9/14/22 19:00,33.93,38.82,5
9/14/22 19:10,33.87,39.11,3.98
9/14/22 19:20,33.8,39.12,4.83
9/14/22 19:30,33.52,40.13,4.99
9/14/22 19:40,33.46,41.09,5.03
9/14/22 19:50,33.42,41.15,4.32
9/14/22 20:00,0,0,0
9/14/22 20:10,0,0,0
9/14/22 20:20,0,0,0
9/14/22 20:30,0,0,0
9/14/22 20:40,0,0,0
9/14/22 20:50,0,0,0
9/14/22 21:00,0,0,0
9/14/22 21:10,0,0,0
9/14/22 21:20,0,0,0
9/14/22 21:30,0,0,0
9/14/22 21:40,0,0,0
9/14/22 21:50,0,0,0
9/14/22 22:00,0,0,0
9/14/22 22:10,0,0,0
9/14/22 22:20,0,0,0
9/14/22 22:30,0,0,0
9/14/22 22:40,0,0,0
9/14/22 22:50,0,0,0
9/14/22 23:00,0,0,0
9/14/22 23:10,0,0,0
9/14/22 23:20,0,0,0
9/14/22 23:30,0,0,0
9/14/22 23:40,0,0,0
9/14/22 23:50,0,0,0
9/15/22 0:00,0,0,0
9/15/22 0:10,0,0,0
9/15/22 0:20,0,0,0
9/15/22 0:30,0,0,0
9/15/22 0:40,0,0,0
9/15/22 0:50,0,0,0
9/15/22 1:00,0,0,0
9/15/22 1:10,0,0,0
9/15/22 1:20,0,0,0
9/15/22 1:30,0,0,0
9/15/22 1:40,0,0,0
9/15/22 1:50,0,0,0
9/15/22 2:00,0,0,0
9/15/22 2:10,0,0,0
9/15/22 2:20,0,0,0
9/15/22 2:30,0,0,0
9/15/22 2:40,0,0,0
9/15/22 2:50,0,0,0
9/15/22 3:00,0,0,0
9/15/22 3:10,0,0,0
9/15/22 3:20,0,0,0
9/15/22 3:30,0,0,0
9/15/22 3:40,0,0,0
9/15/22 3:50,0,0,0
9/15/22 4:00,0,0,0
9/15/22 4:10,0,0,0
9/15/22 4:20,0,0,0
9/15/22 4:30,0,0,0
9/15/22 4:40,0,0,0
9/15/22 4:50,0,0,0
9/15/22 5:00,0,0,0
9/15/22 5:10,0,0,0
9/15/22 5:20,0,0,0
9/15/22 5:30,0,0,0
9/15/22 5:40,0,0,0
9/15/22 5:50,0,0,0
9/15/22 6:00,0,0,0
9/15/22 6:10,0,0,0
9/15/22 6:20,0,0,0
9/15/22 6:30,0,0,0
9/15/22 6:40,0,0,0
9/15/22 6:50,0,0,0
9/15/22 7:00,0,0,0
9/15/22 7:10,0,0,0
9/15/22 7:20,0,0,0
9/15/22 7:30,0,0,0
9/15/22 7:40,0,0,0
9/15/22 7:50,0,0,0
9/15/22 8:00,31.23,57.91,6.58
9/15/22 8:10,31.37,55.5,6.66
9/15/22 8:20,31.64,54.61,6.12
9/15/22 8:30,31.94,53.18,6.41
9/15/22 8:40,32.1,52.05,6.51
9/15/22 8:50,32.07,52.41,6.42
9/15/22 9:00,32.19,52.2,6.44
9/15/22 9:10,32.29,50.93,5.81
9/15/22 9:20,32.52,48.47,5.47
9/15/22 9:30,32.78,47.42,5.16
9/15/22 9:40,33.03,46.41,5.82
9/15/22 9:50,33.07,47.46,6.14
9/15/22 10:00,33.24,46.55,6.08
9/15/22 10:10,33.5,46.56,6.05
9/15/22 10:20,33.65,46.52,6.23
9/15/22 10:30,33.99,43.4,5.73
9/15/22 10:40,34.25,43.76,6.15
9/15/22 10:50,34.4,42.56,6.26
9/15/22 11:00,34.58,43.92,6.22
9/15/22 11:10,34.6,43.32,6.26
9/15/22 11:20,34.96,42.99,6.48
9/15/22 11:30,35.16,42.82,6.45
9/15/22 11:40,35.33,42.33,6.37
9/15/22 11:50,35.65,42.25,6.42
9/15/22 12:00,35.63,41.74,6.49
9/15/22 12:10,36.13,40.78,6.49
9/15/22 12:20,36.11,41.47,6.44
9/15/22 12:30,36.16,41.26,6.48
9/15/22 12:40,36.36,41.45,6.55
9/15/22 12:50,36.94,39.5,6.48
9/15/22 13:00,36.82,38.66,6.53
9/15/22 13:10,36.94,40.83,6.5
9/15/22 13:20,36.59,39.2,6.58
9/15/22 13:30,36.6,39.63,6.55
9/15/22 13:40,37.07,39.45,6.63
9/15/22 13:50,37.64,39.27,6.49
9/15/22 14:00,37.81,37.87,6.5
9/15/22 14:10,37.99,39.57,6.53
9/15/22 14:20,37.54,39.98,6.5
9/15/22 14:30,38.08,38.62,5.74
9/15/22 14:40,37.76,39.62,6.04
9/15/22 14:50,37.13,38.04,6.18
9/15/22 15:00,37.02,39.77,6.26
9/15/22 15:10,36.47,39.41,5.98
9/15/22 15:20,36.69,38.75,6.11
9/15/22 15:30,37.07,39.68,6.64
9/15/22 15:40,37.43,39.03,6.6
9/15/22 15:50,36.93,39.63,6.6
9/15/22 16:00,36.6,40.25,6.68
9/15/22 16:10,36.25,41.42,6.67
9/15/22 16:20,35.67,43.42,6.61
9/15/22 16:30,35.74,42.82,6.52
9/15/22 16:40,36.83,40.03,6.66
9/15/22 16:50,37.77,38.51,5.62
9/15/22 17:00,37.74,38.37,6.3
9/15/22 17:10,37.52,39.06,6.52
9/15/22 17:20,37.33,40.07,6.5
9/15/22 17:30,36.66,40.86,6.7
9/15/22 17:40,36.42,41.75,5.45
9/15/22 17:50,35.94,42.25,6.37
9/15/22 18:00,35.21,43.23,6.29
9/15/22 18:10,34.78,44.52,5.95
9/15/22 18:20,34.61,44.84,6.33
9/15/22 18:30,34.55,45.11,6.37
9/15/22 18:40,34.29,45.64,6.44
9/15/22 18:50,34.32,45.58,6.49
9/15/22 19:00,34.08,46.18,6.59
9/15/22 19:10,34.07,46.43,6.61
9/15/22 19:20,33.99,46.26,6.53
9/15/22 19:30,34.02,46.14,6.51
9/15/22 19:40,33.84,46.7,6.64
9/15/22 19:50,33.72,47.25,6.62
9/15/22 20:00,0,0,0
9/15/22 20:10,0,0,0
9/15/22 20:20,0,0,0
9/15/22 20:30,0,0,0
9/15/22 20:40,0,0,0
9/15/22 20:50,0,0,0
9/15/22 21:00,0,0,0
9/15/22 21:10,0,0,0
9/15/22 21:20,0,0,0
9/15/22 21:30,0,0,0
9/15/22 21:40,0,0,0
9/15/22 21:50,0,0,0
9/15/22 22:00,0,0,0
9/15/22 22:10,0,0,0
9/15/22 22:20,0,0,0
9/15/22 22:30,0,0,0
9/15/22 22:40,0,0,0
9/15/22 22:50,0,0,0
9/15/22 23:00,0,0,0
9/15/22 23:10,0,0,0
9/15/22 23:20,0,0,0
9/15/22 23:30,0,0,0
9/15/22 23:40,0,0,0
9/15/22 23:50,0,0,0
